INSERT INTO category (category_id, name, last_update) VALUES
(1,'Action','2006-02-15 04:46:27'),
(2,'Animation','2006-02-15 04:46:27'),
(3,'Children','2006-02-15 04:46:27'),
(4,'Classics','2006-02-15 04:46:27'),
(5,'Comedy','2006-02-15 04:46:27'),
(6,'Documentary','2006-02-15 04:46:27'),
(7,'Drama','2006-02-15 04:46:27'),
(8,'Family','2006-02-15 04:46:27'),
(9,'Foreign','2006-02-15 04:46:27'),
(10,'Games','2006-02-15 04:46:27'),
(11,'Horror','2006-02-15 04:46:27'),
(12,'Music','2006-02-15 04:46:27'),
(13,'New','2006-02-15 04:46:27'),
(14,'Sci-Fi','2006-02-15 04:46:27'),
(15,'Sports','2006-02-15 04:46:27'),
(16,'Travel','2006-02-15 04:46:27');

INSERT INTO language (language_id, name, last_update) VALUES
(1,'English','2006-02-15 05:02:19'),
(2,'Italian','2006-02-15 05:02:19'),
(3,'Japanese','2006-02-15 05:02:19'),
(4,'Mandarin','2006-02-15 05:02:19'),
(5,'French','2006-02-15 05:02:19'),
(6,'German','2006-02-15 05:02:19');

INSERT INTO film (film_id, title, description, release_year, language_id, original_language_id, rental_duration, rental_rate, length, replacement_cost, rating, special_features, last_update) VALUES
(1,'ACADEMY DINOSAUR','A Epic Drama of a Feminist And a Mad Scientist who must Battle a Teacher in The Canadian Rockies',2006,1,NULL,6,'0.99',86,'20.99','PG','Deleted Scenes,Behind the Scenes','2006-02-15 05:03:42'),
(2,'ACE GOLDFINGER','A Astounding Epistle of a Database Administrator And a Explorer who must Find a Car in Ancient China',2006,1,NULL,3,'4.99',48,'12.99','G','Trailers,Deleted Scenes','2006-02-15 05:03:42'),
(3,'ADAPTATION HOLES','A Astounding Reflection of a Lumberjack And a Car who must Sink a Lumberjack in A Baloon Factory',2006,1,NULL,7,'2.99',50,'18.99','NC-17','Trailers,Deleted Scenes','2006-02-15 05:03:42'),
(4,'AFFAIR PREJUDICE','A Fanciful Documentary of a Frisbee And a Lumberjack who must Chase a Monkey in A Shark Tank',2006,1,NULL,5,'2.99',117,'26.99','G','Commentaries,Behind the Scenes','2006-02-15 05:03:42'),
(5,'AFRICAN EGG','A Fast-Paced Documentary of a Pastry Chef And a Dentist who must Pursue a Forensic Psychologist in The Gulf of Mexico',2006,1,NULL,6,'2.99',130,'22.99','G','Deleted Scenes','2006-02-15 05:03:42'),
(6,'AGENT TRUMAN','A Intrepid Panorama of a Robot And a Boy who must Escape a Sumo Wrestler in Ancient China',2006,1,NULL,3,'2.99',169,'17.99','PG','Deleted Scenes','2006-02-15 05:03:42'),
(7,'AIRPLANE SIERRA','A Touching Saga of a Hunter And a Butler who must Discover a Butler in A Jet Boat',2006,1,NULL,6,'4.99',62,'28.99','PG-13','Trailers,Deleted Scenes','2006-02-15 05:03:42'),
(8,'AIRPORT POLLOCK','A Epic Tale of a Moose And a Girl who must Confront a Monkey in Ancient India',2006,1,NULL,6,'4.99',54,'15.99','R','Trailers','2006-02-15 05:03:42'),
(9,'ALABAMA DEVIL','A Thoughtful Panorama of a Database Administrator And a Mad Scientist who must Outgun a Mad Scientist in A Jet Boat',2006,1,NULL,3,'2.99',114,'21.99','PG-13','Trailers,Deleted Scenes','2006-02-15 05:03:42'),
(10,'ALADDIN CALENDAR','A Action-Packed Tale of a Man And a Lumberjack who must Reach a Feminist in Ancient China',2006,1,NULL,6,'4.99',63,'24.99','NC-17','Trailers,Deleted Scenes','2006-02-15 05:03:42'),
(11,'ALAMO VIDEOTAPE','A Boring Epistle of a Butler And a Cat who must Fight a Pastry Chef in A MySQL Convention',2006,1,NULL,6,'0.99',126,'16.99','G','Commentaries,Behind the Scenes','2006-02-15 05:03:42'),
(12,'ALASKA PHANTOM','A Fanciful Saga of a Hunter And a Pastry Chef who must Vanquish a Boy in Australia',2006,1,NULL,6,'0.99',136,'22.99','PG','Commentaries,Deleted Scenes','2006-02-15 05:03:42'),
(13,'ALI FOREVER','A Action-Packed Drama of a Dentist And a Crocodile who must Battle a Feminist in The Canadian Rockies',2006,1,NULL,4,'4.99',150,'21.99','PG','Deleted Scenes,Behind the Scenes','2006-02-15 05:03:42'),
(14,'ALICE FANTASIA','A Emotional Drama of a A Shark And a Database Administrator who must Vanquish a Pioneer in Soviet Georgia',2006,1,NULL,6,'0.99',94,'23.99','NC-17','Trailers,Deleted Scenes,Behind the Scenes','2006-02-15 05:03:42'),
(15,'ALIEN CENTER','A Brilliant Drama of a Cat And a Mad Scientist who must Battle a Feminist in A MySQL Convention',2006,1,NULL,5,'2.99',46,'10.99','NC-17','Trailers,Commentaries,Behind the Scenes','2006-02-15 05:03:42'),
(16,'ALLEY EVOLUTION','A Fast-Paced Drama of a Robot And a Composer who must Battle a Astronaut in New Orleans',2006,1,NULL,6,'2.99',180,'23.99','NC-17','Trailers,Commentaries','2006-02-15 05:03:42'),
(17,'ALONE TRIP','A Fast-Paced Character Study of a Composer And a Dog who must Outgun a Boat in An Abandoned Fun House',2006,1,NULL,3,'0.99',82,'14.99','R','Trailers,Behind the Scenes','2006-02-15 05:03:42'),
(18,'ALTER VICTORY','A Thoughtful Drama of a Composer And a Feminist who must Meet a Secret Agent in The Canadian Rockies',2006,1,NULL,6,'0.99',57,'27.99','PG-13','Trailers,Behind the Scenes','2006-02-15 05:03:42'),
(19,'AMADEUS HOLY','A Emotional Display of a Pioneer And a Technical Writer who must Battle a Man in A Baloon',2006,1,NULL,6,'0.99',113,'20.99','PG','Commentaries,Deleted Scenes,Behind the Scenes','2006-02-15 05:03:42'),
(20,'AMELIE HELLFIGHTERS','A Boring Drama of a Woman And a Squirrel who must Conquer a Student in A Baloon',2006,1,NULL,4,'4.99',79,'23.99','R','Commentaries,Deleted Scenes,Behind the Scenes','2006-02-15 05:03:42'),
(21,'AMERICAN CIRCUS','A Insightful Drama of a Girl And a Astronaut who must Face a Database Administrator in A Shark Tank',2006,1,NULL,3,'4.99',129,'17.99','R','Commentaries,Behind the Scenes','2006-02-15 05:03:42'),
(22,'AMISTAD MIDSUMMER','A Emotional Character Study of a Dentist And a Crocodile who must Meet a Sumo Wrestler in California',2006,1,NULL,6,'2.99',85,'10.99','G','Commentaries,Behind the Scenes','2006-02-15 05:03:42'),
(23,'ANACONDA CONFESSIONS','A Lacklusture Display of a Dentist And a Dentist who must Fight a Girl in Australia',2006,1,NULL,3,'0.99',92,'9.99','R','Trailers,Deleted Scenes','2006-02-15 05:03:42'),
(24,'ANALYZE HOOSIERS','A Thoughtful Display of a Explorer And a Pastry Chef who must Overcome a Feminist in The Sahara Desert',2006,1,NULL,6,'2.99',181,'19.99','R','Trailers,Behind the Scenes','2006-02-15 05:03:42'),
(25,'ANGELS LIFE','A Thoughtful Display of a Woman And a Astronaut who must Battle a Robot in Berlin',2006,1,NULL,3,'2.99',74,'15.99','G','Trailers','2006-02-15 05:03:42'),
(26,'ANNIE IDENTITY','A Amazing Panorama of a Pastry Chef And a Boat who must Escape a Woman in An Abandoned Amusement Park',2006,1,NULL,3,'0.99',86,'15.99','G','Commentaries,Deleted Scenes','2006-02-15 05:03:42'),
(27,'ANONYMOUS HUMAN','A Amazing Reflection of a Database Administrator And a Astronaut who must Outrace a Database Administrator in A Shark Tank',2006,1,NULL,7,'0.99',179,'12.99','NC-17','Deleted Scenes,Behind the Scenes','2006-02-15 05:03:42'),
(28,'ANTHEM LUKE','A Touching Panorama of a Waitress And a Woman who must Outrace a Dog in An Abandoned Amusement Park',2006,1,NULL,5,'4.99',91,'16.99','PG-13','Deleted Scenes,Behind the Scenes','2006-02-15 05:03:42'),
(29,'ANTITRUST TOMATOES','A Fateful Yarn of a Womanizer And a Feminist who must Succumb a Database Administrator in Ancient India',2006,1,NULL,5,'2.99',168,'11.99','NC-17','Trailers,Commentaries,Deleted Scenes','2006-02-15 05:03:42'),
(30,'ANYTHING SAVANNAH','A Epic Story of a Pastry Chef And a Woman who must Chase a Feminist in An Abandoned Fun House',2006,1,NULL,4,'2.99',82,'27.99','R','Trailers,Deleted Scenes,Behind the Scenes','2006-02-15 05:03:42'),
(31,'APACHE DIVINE','A Awe-Inspiring Reflection of a Pastry Chef And a Teacher who must Overcome a Sumo Wrestler in A U-Boat',2006,1,NULL,5,'4.99',92,'16.99','NC-17','Commentaries,Deleted Scenes,Behind the Scenes','2006-02-15 05:03:42'),
(32,'APOCALYPSE FLAMINGOS','A Astounding Story of a Dog And a Squirrel who must Defeat a Woman in An Abandoned Amusement Park',2006,1,NULL,6,'4.99',119,'11.99','R','Trailers,Commentaries','2006-02-15 05:03:42'),
(33,'APOLLO TEEN','A Action-Packed Reflection of a Crocodile And a Explorer who must Find a Sumo Wrestler in An Abandoned Mine Shaft',2006,1,NULL,5,'2.99',153,'15.99','PG-13','Trailers,Commentaries,Deleted Scenes,Behind the Scenes','2006-02-15 05:03:42'),
(34,'ARABIA DOGMA','A Touching Epistle of a Madman And a Mad Cow who must Defeat a Student in Nigeria',2006,1,NULL,6,'0.99',62,'29.99','NC-17','Commentaries,Deleted Scenes','2006-02-15 05:03:42'),
(35,'ARACHNOPHOBIA ROLLERCOASTER','A Action-Packed Reflection of a Pastry Chef And a Composer who must Discover a Mad Scientist in The First Manned Space Station',2006,1,NULL,4,'2.99',147,'24.99','PG-13','Trailers,Deleted Scenes,Behind the Scenes','2006-02-15 05:03:42'),
(36,'ARGONAUTS TOWN','A Emotional Epistle of a Forensic Psychologist And a Butler who must Challenge a Waitress in An Abandoned Mine Shaft',2006,1,NULL,7,'0.99',127,'12.99','PG-13','Trailers,Commentaries','2006-02-15 05:03:42'),
(37,'ARIZONA BANG','A Brilliant Panorama of a Mad Scientist And a Mad Cow who must Meet a Pioneer in A Monastery',2006,1,NULL,3,'2.99',121,'28.99','PG','Trailers,Deleted Scenes','2006-02-15 05:03:42'),
(38,'ARK RIDGEMONT','A Beautiful Yarn of a Pioneer And a Monkey who must Pursue a Explorer in The Sahara Desert',2006,1,NULL,6,'0.99',68,'25.99','NC-17','Trailers,Commentaries,Deleted Scenes,Behind the Scenes','2006-02-15 05:03:42'),
(39,'ARMAGEDDON LOST','A Fast-Paced Tale of a Boat And a Teacher who must Succumb a Composer in An Abandoned Mine Shaft',2006,1,NULL,5,'0.99',99,'10.99','G','Trailers','2006-02-15 05:03:42'),
(40,'ARMY FLINTSTONES','A Boring Saga of a Database Administrator And a Womanizer who must Battle a Waitress in Nigeria',2006,1,NULL,4,'0.99',148,'22.99','R','Trailers,Commentaries','2006-02-15 05:03:42'),
(41,'ARSENIC INDEPENDENCE','A Fanciful Documentary of a Mad Cow And a Womanizer who must Find a Dentist in Berlin',2006,1,NULL,4,'0.99',137,'17.99','PG','Trailers,Deleted Scenes,Behind the Scenes','2006-02-15 05:03:42'),
(42,'ARTIST COLDBLOODED','A Stunning Reflection of a Robot And a Moose who must Challenge a Woman in California',2006,1,NULL,5,'2.99',170,'10.99','NC-17','Trailers,Behind the Scenes','2006-02-15 05:03:42'),
(43,'ATLANTIS CAUSE','A Thrilling Yarn of a Feminist And a Hunter who must Fight a Technical Writer in A Shark Tank',2006,1,NULL,6,'2.99',170,'15.99','G','Behind the Scenes','2006-02-15 05:03:42'),
(44,'ATTACKS HATE','A Fast-Paced Panorama of a Technical Writer And a Mad Scientist who must Find a Feminist in An Abandoned Mine Shaft',2006,1,NULL,5,'4.99',113,'21.99','PG-13','Trailers,Behind the Scenes','2006-02-15 05:03:42'),
(45,'ATTRACTION NEWTON','A Astounding Panorama of a Composer And a Frisbee who must Reach a Husband in Ancient Japan',2006,1,NULL,5,'4.99',83,'14.99','PG-13','Trailers,Behind the Scenes','2006-02-15 05:03:42'),
(46,'AUTUMN CROW','A Beautiful Tale of a Dentist And a Mad Cow who must Battle a Moose in The Sahara Desert',2006,1,NULL,3,'4.99',108,'13.99','G','Trailers,Commentaries,Deleted Scenes,Behind the Scenes','2006-02-15 05:03:42'),
(47,'BABY HALL','A Boring Character Study of a A Shark And a Girl who must Outrace a Feminist in An Abandoned Mine Shaft',2006,1,NULL,5,'4.99',153,'23.99','NC-17','Commentaries','2006-02-15 05:03:42'),
(48,'BACKLASH UNDEFEATED','A Stunning Character Study of a Mad Scientist And a Mad Cow who must Kill a Car in A Monastery',2006,1,NULL,3,'4.99',118,'24.99','PG-13','Trailers,Behind the Scenes','2006-02-15 05:03:42'),
(49,'BADMAN DAWN','A Emotional Panorama of a Pioneer And a Composer who must Escape a Mad Scientist in A Jet Boat',2006,1,NULL,6,'2.99',162,'22.99','R','Trailers,Commentaries,Behind the Scenes','2006-02-15 05:03:42'),
(50,'BAKED CLEOPATRA','A Stunning Drama of a Forensic Psychologist And a Husband who must Overcome a Waitress in A Monastery',2006,1,NULL,3,'2.99',182,'20.99','G','Commentaries,Behind the Scenes','2006-02-15 05:03:42'),
(51,'BALLOON HOMEWARD','A Insightful Panorama of a Forensic Psychologist And a Mad Cow who must Build a Mad Scientist in The First Manned Space Station',2006,1,NULL,5,'2.99',75,'10.99','NC-17','Deleted Scenes','2006-02-15 05:03:42'),
(52,'BALLROOM MOCKINGBIRD','A Thrilling Documentary of a Composer And a Monkey who must Find a Feminist in California',2006,1,NULL,6,'0.99',173,'29.99','G','Commentaries,Deleted Scenes','2006-02-15 05:03:42'),
(53,'BANG KWAI','A Epic Drama of a Madman And a Cat who must Face a A Shark in An Abandoned Amusement Park',2006,1,NULL,5,'2.99',87,'25.99','NC-17','Commentaries,Deleted Scenes,Behind the Scenes','2006-02-15 05:03:42'),
(54,'BANGER PINOCCHIO','A Awe-Inspiring Drama of a Car And a Pastry Chef who must Chase a Crocodile in The First Manned Space Station',2006,1,NULL,5,'0.99',113,'15.99','R','Trailers,Commentaries,Deleted Scenes','2006-02-15 05:03:42'),
(55,'BARBARELLA STREETCAR','A Awe-Inspiring Story of a Feminist And a Cat who must Conquer a Dog in A Monastery',2006,1,NULL,6,'2.99',65,'27.99','G','Behind the Scenes','2006-02-15 05:03:42'),
(56,'BAREFOOT MANCHURIAN','A Intrepid Story of a Cat And a Student who must Vanquish a Girl in An Abandoned Amusement Park',2006,1,NULL,6,'2.99',129,'15.99','G','Trailers,Commentaries','2006-02-15 05:03:42'),
(57,'BASIC EASY','A Stunning Epistle of a Man And a Husband who must Reach a Mad Scientist in A Jet Boat',2006,1,NULL,4,'2.99',90,'18.99','PG-13','Deleted Scenes','2006-02-15 05:03:42'),
(58,'BEACH HEARTBREAKERS','A Fateful Display of a Womanizer And a Mad Scientist who must Outgun a A Shark in Soviet Georgia',2006,1,NULL,6,'2.99',122,'16.99','G','Deleted Scenes,Behind the Scenes','2006-02-15 05:03:42'),
(59,'BEAR GRACELAND','A Astounding Saga of a Dog And a Boy who must Kill a Teacher in The First Manned Space Station',2006,1,NULL,4,'2.99',160,'20.99','R','Deleted Scenes','2006-02-15 05:03:42'),
(60,'BEAST HUNCHBACK','A Awe-Inspiring Epistle of a Student And a Squirrel who must Defeat a Boy in Ancient China',2006,1,NULL,3,'4.99',89,'22.99','R','Deleted Scenes,Behind the Scenes','2006-02-15 05:03:42'),
(61,'BEAUTY GREASE','A Fast-Paced Display of a Composer And a Moose who must Sink a Robot in An Abandoned Mine Shaft',2006,1,NULL,5,'4.99',175,'28.99','G','Trailers,Commentaries','2006-02-15 05:03:42'),
(62,'BED HIGHBALL','A Astounding Panorama of a Lumberjack And a Dog who must Redeem a Woman in An Abandoned Fun House',2006,1,NULL,5,'2.99',106,'23.99','NC-17','Trailers,Commentaries,Deleted Scenes','2006-02-15 05:03:42'),
(63,'BEDAZZLED MARRIED','A Astounding Character Study of a Madman And a Robot who must Meet a Mad Scientist in An Abandoned Fun House',2006,1,NULL,6,'0.99',73,'21.99','PG','Trailers,Deleted Scenes,Behind the Scenes','2006-02-15 05:03:42'),
(64,'BEETHOVEN EXORCIST','A Epic Display of a Pioneer And a Student who must Challenge a Butler in The Gulf of Mexico',2006,1,NULL,6,'0.99',151,'26.99','PG-13','Commentaries,Behind the Scenes','2006-02-15 05:03:42'),
(65,'BEHAVIOR RUNAWAY','A Unbelieveable Drama of a Student And a Husband who must Outrace a Sumo Wrestler in Berlin',2006,1,NULL,3,'4.99',100,'20.99','PG','Trailers,Deleted Scenes,Behind the Scenes','2006-02-15 05:03:42'),
(66,'BENEATH RUSH','A Astounding Panorama of a Man And a Monkey who must Discover a Man in The First Manned Space Station',2006,1,NULL,6,'0.99',53,'27.99','NC-17','Commentaries,Deleted Scenes','2006-02-15 05:03:42'),
(67,'BERETS AGENT','A Taut Saga of a Crocodile And a Boy who must Overcome a Technical Writer in Ancient China',2006,1,NULL,5,'2.99',77,'24.99','PG-13','Deleted Scenes','2006-02-15 05:03:42'),
(68,'BETRAYED REAR','A Emotional Character Study of a Boat And a Pioneer who must Find a Explorer in A Shark Tank',2006,1,NULL,5,'4.99',122,'26.99','NC-17','Commentaries,Deleted Scenes,Behind the Scenes','2006-02-15 05:03:42'),
(69,'BEVERLY OUTLAW','A Fanciful Documentary of a Womanizer And a Boat who must Defeat a Madman in The First Manned Space Station',2006,1,NULL,3,'2.99',85,'21.99','R','Trailers','2006-02-15 05:03:42'),
(70,'BIKINI BORROWERS','A Astounding Drama of a Astronaut And a Cat who must Discover a Woman in The First Manned Space Station',2006,1,NULL,7,'4.99',142,'26.99','NC-17','Commentaries,Deleted Scenes','2006-02-15 05:03:42'),
(71,'BILKO ANONYMOUS','A Emotional Reflection of a Teacher And a Man who must Meet a Cat in The First Manned Space Station',2006,1,NULL,3,'4.99',100,'25.99','PG-13','Commentaries,Deleted Scenes,Behind the Scenes','2006-02-15 05:03:42'),
(72,'BILL OTHERS','A Stunning Saga of a Mad Scientist And a Forensic Psychologist who must Challenge a Squirrel in A MySQL Convention',2006,1,NULL,6,'2.99',93,'12.99','PG','Trailers,Commentaries','2006-02-15 05:03:42'),
(73,'BINGO TALENTED','A Touching Tale of a Girl And a Crocodile who must Discover a Waitress in Nigeria',2006,1,NULL,5,'2.99',150,'22.99','PG-13','Trailers,Commentaries','2006-02-15 05:03:42'),
(74,'BIRCH ANTITRUST','A Fanciful Panorama of a Husband And a Pioneer who must Outgun a Dog in A Baloon',2006,1,NULL,4,'4.99',162,'18.99','PG','Trailers,Commentaries,Deleted Scenes','2006-02-15 05:03:42'),
(75,'BIRD INDEPENDENCE','A Thrilling Documentary of a Car And a Student who must Sink a Hunter in The Canadian Rockies',2006,1,NULL,6,'4.99',163,'14.99','G','Commentaries,Behind the Scenes','2006-02-15 05:03:42'),
(76,'BIRDCAGE CASPER','A Fast-Paced Saga of a Frisbee And a Astronaut who must Overcome a Feminist in Ancient India',2006,1,NULL,4,'0.99',103,'23.99','NC-17','Commentaries,Deleted Scenes,Behind the Scenes','2006-02-15 05:03:42'),
(77,'BIRDS PERDITION','A Boring Story of a Womanizer And a Pioneer who must Face a Dog in California',2006,1,NULL,5,'4.99',61,'15.99','G','Trailers,Behind the Scenes','2006-02-15 05:03:42'),
(78,'BLACKOUT PRIVATE','A Intrepid Yarn of a Pastry Chef And a Mad Scientist who must Challenge a Secret Agent in Ancient Japan',2006,1,NULL,7,'2.99',85,'12.99','PG','Trailers,Deleted Scenes','2006-02-15 05:03:42'),
(79,'BLADE POLISH','A Thoughtful Character Study of a Frisbee And a Pastry Chef who must Fight a Dentist in The First Manned Space Station',2006,1,NULL,5,'0.99',114,'10.99','PG-13','Trailers,Behind the Scenes','2006-02-15 05:03:42'),
(80,'BLANKET BEVERLY','A Emotional Documentary of a Student And a Girl who must Build a Boat in Nigeria',2006,1,NULL,7,'2.99',148,'21.99','G','Trailers','2006-02-15 05:03:42'),
(81,'BLINDNESS GUN','A Touching Drama of a Robot And a Dentist who must Meet a Hunter in A Jet Boat',2006,1,NULL,6,'4.99',103,'29.99','PG-13','Trailers,Behind the Scenes','2006-02-15 05:03:42'),
(82,'BLOOD ARGONAUTS','A Boring Drama of a Explorer And a Man who must Kill a Lumberjack in A Manhattan Penthouse',2006,1,NULL,3,'0.99',71,'13.99','G','Trailers,Commentaries,Behind the Scenes','2006-02-15 05:03:42'),
(83,'BLUES INSTINCT','A Insightful Documentary of a Boat And a Composer who must Meet a Forensic Psychologist in An Abandoned Fun House',2006,1,NULL,5,'2.99',50,'18.99','G','Trailers,Deleted Scenes,Behind the Scenes','2006-02-15 05:03:42'),
(84,'BOILED DARES','A Awe-Inspiring Story of a Waitress And a Dog who must Discover a Dentist in Ancient Japan',2006,1,NULL,7,'4.99',102,'13.99','PG','Trailers,Commentaries','2006-02-15 05:03:42'),
(85,'BONNIE HOLOCAUST','A Fast-Paced Story of a Crocodile And a Robot who must Find a Moose in Ancient Japan',2006,1,NULL,4,'0.99',63,'29.99','G','Deleted Scenes','2006-02-15 05:03:42'),
(86,'BOOGIE AMELIE','A Lacklusture Character Study of a Husband And a Sumo Wrestler who must Succumb a Technical Writer in The Gulf of Mexico',2006,1,NULL,6,'4.99',121,'11.99','R','Commentaries,Behind the Scenes','2006-02-15 05:03:42'),
(87,'BOONDOCK BALLROOM','A Fateful Panorama of a Crocodile And a Boy who must Defeat a Monkey in The Gulf of Mexico',2006,1,NULL,7,'0.99',76,'14.99','NC-17','Behind the Scenes','2006-02-15 05:03:42'),
(88,'BORN SPINAL','A Touching Epistle of a Frisbee And a Husband who must Pursue a Student in Nigeria',2006,1,NULL,7,'4.99',179,'17.99','PG','Trailers,Commentaries,Deleted Scenes','2006-02-15 05:03:42'),
(89,'BORROWERS BEDAZZLED','A Brilliant Epistle of a Teacher And a Sumo Wrestler who must Defeat a Man in An Abandoned Fun House',2006,1,NULL,7,'0.99',63,'22.99','G','Commentaries,Deleted Scenes,Behind the Scenes','2006-02-15 05:03:42'),
(90,'BOULEVARD MOB','A Fateful Epistle of a Moose And a Monkey who must Confront a Lumberjack in Ancient China',2006,1,NULL,3,'0.99',63,'11.99','R','Trailers','2006-02-15 05:03:42'),
(91,'BOUND CHEAPER','A Thrilling Panorama of a Database Administrator And a Astronaut who must Challenge a Lumberjack in A Baloon',2006,1,NULL,5,'0.99',98,'17.99','PG','Behind the Scenes','2006-02-15 05:03:42'),
(92,'BOWFINGER GABLES','A Fast-Paced Yarn of a Waitress And a Composer who must Outgun a Dentist in California',2006,1,NULL,7,'4.99',72,'19.99','NC-17','Trailers,Deleted Scenes','2006-02-15 05:03:42'),
(93,'BRANNIGAN SUNRISE','A Amazing Epistle of a Moose And a Crocodile who must Outrace a Dog in Berlin',2006,1,NULL,4,'4.99',121,'27.99','PG','Trailers','2006-02-15 05:03:42'),
(94,'BRAVEHEART HUMAN','A Insightful Story of a Dog And a Pastry Chef who must Battle a Girl in Berlin',2006,1,NULL,7,'2.99',176,'14.99','PG-13','Trailers,Deleted Scenes','2006-02-15 05:03:42'),
(95,'BREAKFAST GOLDFINGER','A Beautiful Reflection of a Student And a Student who must Fight a Moose in Berlin',2006,1,NULL,5,'4.99',123,'18.99','G','Trailers,Commentaries,Deleted Scenes','2006-02-15 05:03:42'),
(96,'BREAKING HOME','A Beautiful Display of a Secret Agent And a Monkey who must Battle a Sumo Wrestler in An Abandoned Mine Shaft',2006,1,NULL,4,'2.99',169,'21.99','PG-13','Trailers,Commentaries','2006-02-15 05:03:42'),
(97,'BRIDE INTRIGUE','A Epic Tale of a Robot And a Monkey who must Vanquish a Man in New Orleans',2006,1,NULL,7,'0.99',56,'24.99','G','Trailers,Commentaries,Behind the Scenes','2006-02-15 05:03:42'),
(98,'BRIGHT ENCOUNTERS','A Fateful Yarn of a Lumberjack And a Feminist who must Conquer a Student in A Jet Boat',2006,1,NULL,4,'4.99',73,'12.99','PG-13','Trailers','2006-02-15 05:03:42'),
(99,'BRINGING HYSTERICAL','A Fateful Saga of a A Shark And a Technical Writer who must Find a Woman in A Jet Boat',2006,1,NULL,7,'2.99',136,'14.99','PG','Trailers','2006-02-15 05:03:42'),
(100,'BROOKLYN DESERT','A Beautiful Drama of a Dentist And a Composer who must Battle a Sumo Wrestler in The First Manned Space Station',2006,1,NULL,7,'4.99',161,'21.99','R','Commentaries','2006-02-15 05:03:42'),
(101,'BROTHERHOOD BLANKET','A Fateful Character Study of a Butler And a Technical Writer who must Sink a Astronaut in Ancient Japan',2006,1,NULL,3,'0.99',73,'26.99','R','Behind the Scenes','2006-02-15 05:03:42'),
(102,'BUBBLE GROSSE','A Awe-Inspiring Panorama of a Crocodile And a Moose who must Confront a Girl in A Baloon',2006,1,NULL,4,'4.99',60,'20.99','R','Trailers,Commentaries,Deleted Scenes,Behind the Scenes','2006-02-15 05:03:42'),
(103,'BUCKET BROTHERHOOD','A Amazing Display of a Girl And a Womanizer who must Succumb a Lumberjack in A Baloon Factory',2006,1,NULL,7,'4.99',133,'27.99','PG','Commentaries,Deleted Scenes','2006-02-15 05:03:42'),
(104,'BUGSY SONG','A Awe-Inspiring Character Study of a Secret Agent And a Boat who must Find a Squirrel in The First Manned Space Station',2006,1,NULL,4,'2.99',119,'17.99','G','Commentaries','2006-02-15 05:03:42'),
(105,'BULL SHAWSHANK','A Fanciful Drama of a Moose And a Squirrel who must Conquer a Pioneer in The Canadian Rockies',2006,1,NULL,6,'0.99',125,'21.99','NC-17','Deleted Scenes','2006-02-15 05:03:42'),
(106,'BULWORTH COMMANDMENTS','A Amazing Display of a Mad Cow And a Pioneer who must Redeem a Sumo Wrestler in The Outback',2006,1,NULL,4,'2.99',61,'14.99','G','Trailers','2006-02-15 05:03:42'),
(107,'BUNCH MINDS','A Emotional Story of a Feminist And a Feminist who must Escape a Pastry Chef in A MySQL Convention',2006,1,NULL,4,'2.99',63,'13.99','G','Behind the Scenes','2006-02-15 05:03:42'),
(108,'BUTCH PANTHER','A Lacklusture Yarn of a Feminist And a Database Administrator who must Face a Hunter in New Orleans',2006,1,NULL,6,'0.99',67,'19.99','PG-13','Trailers,Commentaries,Deleted Scenes','2006-02-15 05:03:42'),
(109,'BUTTERFLY CHOCOLAT','A Fateful Story of a Girl And a Composer who must Conquer a Husband in A Shark Tank',2006,1,NULL,3,'0.99',89,'17.99','G','Behind the Scenes','2006-02-15 05:03:42'),
(110,'CABIN FLASH','A Stunning Epistle of a Boat And a Man who must Challenge a A Shark in A Baloon Factory',2006,1,NULL,4,'0.99',53,'25.99','NC-17','Commentaries,Deleted Scenes','2006-02-15 05:03:42'),
(111,'CADDYSHACK JEDI','A Awe-Inspiring Epistle of a Woman And a Madman who must Fight a Robot in Soviet Georgia',2006,1,NULL,3,'0.99',52,'17.99','NC-17','Commentaries,Deleted Scenes','2006-02-15 05:03:42'),
(112,'CALENDAR GUNFIGHT','A Thrilling Drama of a Frisbee And a Lumberjack who must Sink a Man in Nigeria',2006,1,NULL,4,'4.99',120,'22.99','NC-17','Trailers,Commentaries,Behind the Scenes','2006-02-15 05:03:42'),
(113,'CALIFORNIA BIRDS','A Thrilling Yarn of a Database Administrator And a Robot who must Battle a Database Administrator in Ancient India',2006,1,NULL,4,'4.99',75,'19.99','NC-17','Trailers,Commentaries,Deleted Scenes','2006-02-15 05:03:42'),
(114,'CAMELOT VACATION','A Touching Character Study of a Woman And a Waitress who must Battle a Pastry Chef in A MySQL Convention',2006,1,NULL,3,'0.99',61,'26.99','NC-17','Trailers,Commentaries,Deleted Scenes,Behind the Scenes','2006-02-15 05:03:42'),
(115,'CAMPUS REMEMBER','A Astounding Drama of a Crocodile And a Mad Cow who must Build a Robot in A Jet Boat',2006,1,NULL,5,'2.99',167,'27.99','R','Behind the Scenes','2006-02-15 05:03:42'),
(116,'CANDIDATE PERDITION','A Brilliant Epistle of a Composer And a Database Administrator who must Vanquish a Mad Scientist in The First Manned Space Station',2006,1,NULL,4,'2.99',70,'10.99','R','Deleted Scenes,Behind the Scenes','2006-02-15 05:03:42'),
(117,'CANDLES GRAPES','A Fanciful Character Study of a Monkey And a Explorer who must Build a Astronaut in An Abandoned Fun House',2006,1,NULL,6,'4.99',135,'15.99','NC-17','Trailers,Deleted Scenes','2006-02-15 05:03:42'),
(118,'CANYON STOCK','A Thoughtful Reflection of a Waitress And a Feminist who must Escape a Squirrel in A Manhattan Penthouse',2006,1,NULL,7,'0.99',85,'26.99','R','Trailers,Deleted Scenes','2006-02-15 05:03:42'),
(119,'CAPER MOTIONS','A Fateful Saga of a Moose And a Car who must Pursue a Woman in A MySQL Convention',2006,1,NULL,6,'0.99',176,'22.99','G','Trailers,Commentaries,Deleted Scenes','2006-02-15 05:03:42'),
(120,'CARIBBEAN LIBERTY','A Fanciful Tale of a Pioneer And a Technical Writer who must Outgun a Pioneer in A Shark Tank',2006,1,NULL,3,'4.99',92,'16.99','NC-17','Commentaries,Deleted Scenes','2006-02-15 05:03:42'),
(121,'CAROL TEXAS','A Astounding Character Study of a Composer And a Student who must Overcome a Composer in A Monastery',2006,1,NULL,4,'2.99',151,'15.99','PG','Trailers,Behind the Scenes','2006-02-15 05:03:42'),
(122,'CARRIE BUNCH','A Amazing Epistle of a Student And a Astronaut who must Discover a Frisbee in The Canadian Rockies',2006,1,NULL,7,'0.99',114,'11.99','PG','Trailers,Commentaries,Behind the Scenes','2006-02-15 05:03:42'),
(123,'CASABLANCA SUPER','A Amazing Panorama of a Crocodile And a Forensic Psychologist who must Pursue a Secret Agent in The First Manned Space Station',2006,1,NULL,6,'4.99',85,'22.99','G','Trailers,Deleted Scenes,Behind the Scenes','2006-02-15 05:03:42'),
(124,'CASPER DRAGONFLY','A Intrepid Documentary of a Boat And a Crocodile who must Chase a Robot in The Sahara Desert',2006,1,NULL,3,'4.99',163,'16.99','PG-13','Trailers','2006-02-15 05:03:42'),
(125,'CASSIDY WYOMING','A Intrepid Drama of a Frisbee And a Hunter who must Kill a Secret Agent in New Orleans',2006,1,NULL,5,'2.99',61,'19.99','NC-17','Commentaries,Behind the Scenes','2006-02-15 05:03:42'),
(126,'CASUALTIES ENCINO','A Insightful Yarn of a A Shark And a Pastry Chef who must Face a Boy in A Monastery',2006,1,NULL,3,'4.99',179,'16.99','G','Trailers','2006-02-15 05:03:42'),
(127,'CAT CONEHEADS','A Fast-Paced Panorama of a Girl And a A Shark who must Confront a Boy in Ancient India',2006,1,NULL,5,'4.99',112,'14.99','G','Commentaries,Deleted Scenes','2006-02-15 05:03:42'),
(128,'CATCH AMISTAD','A Boring Reflection of a Lumberjack And a Feminist who must Discover a Woman in Nigeria',2006,1,NULL,7,'0.99',183,'10.99','G','Trailers,Behind the Scenes','2006-02-15 05:03:42'),
(129,'CAUSE DATE','A Taut Tale of a Explorer And a Pastry Chef who must Conquer a Hunter in A MySQL Convention',2006,1,NULL,3,'2.99',179,'16.99','R','Commentaries,Deleted Scenes,Behind the Scenes','2006-02-15 05:03:42'),
(130,'CELEBRITY HORN','A Amazing Documentary of a Secret Agent And a Astronaut who must Vanquish a Hunter in A Shark Tank',2006,1,NULL,7,'0.99',110,'24.99','PG-13','Deleted Scenes,Behind the Scenes','2006-02-15 05:03:42'),
(131,'CENTER DINOSAUR','A Beautiful Character Study of a Sumo Wrestler And a Dentist who must Find a Dog in California',2006,1,NULL,5,'4.99',152,'12.99','PG','Deleted Scenes','2006-02-15 05:03:42'),
(132,'CHAINSAW UPTOWN','A Beautiful Documentary of a Boy And a Robot who must Discover a Squirrel in Australia',2006,1,NULL,6,'0.99',114,'25.99','PG','Deleted Scenes,Behind the Scenes','2006-02-15 05:03:42'),
(133,'CHAMBER ITALIAN','A Fateful Reflection of a Moose And a Husband who must Overcome a Monkey in Nigeria',2006,1,NULL,7,'4.99',117,'14.99','NC-17','Trailers','2006-02-15 05:03:42'),
(134,'CHAMPION FLATLINERS','A Amazing Story of a Mad Cow And a Dog who must Kill a Husband in A Monastery',2006,1,NULL,4,'4.99',51,'21.99','PG','Trailers','2006-02-15 05:03:42'),
(135,'CHANCE RESURRECTION','A Astounding Story of a Forensic Psychologist And a Forensic Psychologist who must Overcome a Moose in Ancient China',2006,1,NULL,3,'2.99',70,'22.99','R','Commentaries,Deleted Scenes,Behind the Scenes','2006-02-15 05:03:42'),
(136,'CHAPLIN LICENSE','A Boring Drama of a Dog And a Forensic Psychologist who must Outrace a Explorer in Ancient India',2006,1,NULL,7,'2.99',146,'26.99','NC-17','Behind the Scenes','2006-02-15 05:03:42'),
(137,'CHARADE DUFFEL','A Action-Packed Display of a Man And a Waitress who must Build a Dog in A MySQL Convention',2006,1,NULL,3,'2.99',66,'21.99','PG','Trailers,Deleted Scenes,Behind the Scenes','2006-02-15 05:03:42'),
(138,'CHARIOTS CONSPIRACY','A Unbelieveable Epistle of a Robot And a Husband who must Chase a Robot in The First Manned Space Station',2006,1,NULL,5,'2.99',71,'29.99','R','Deleted Scenes,Behind the Scenes','2006-02-15 05:03:42'),
(139,'CHASING FIGHT','A Astounding Saga of a Technical Writer And a Butler who must Battle a Butler in A Shark Tank',2006,1,NULL,7,'4.99',114,'21.99','PG','Trailers,Commentaries','2006-02-15 05:03:42'),
(140,'CHEAPER CLYDE','A Emotional Character Study of a Pioneer And a Girl who must Discover a Dog in Ancient Japan',2006,1,NULL,6,'0.99',87,'23.99','G','Trailers,Commentaries,Behind the Scenes','2006-02-15 05:03:42'),
(141,'CHICAGO NORTH','A Fateful Yarn of a Mad Cow And a Waitress who must Battle a Student in California',2006,1,NULL,6,'4.99',185,'11.99','PG-13','Deleted Scenes,Behind the Scenes','2006-02-15 05:03:42'),
(142,'CHICKEN HELLFIGHTERS','A Emotional Drama of a Dog And a Explorer who must Outrace a Technical Writer in Australia',2006,1,NULL,3,'0.99',122,'24.99','PG','Trailers,Commentaries,Deleted Scenes,Behind the Scenes','2006-02-15 05:03:42'),
(143,'CHILL LUCK','A Lacklusture Epistle of a Boat And a Technical Writer who must Fight a A Shark in The Canadian Rockies',2006,1,NULL,6,'0.99',142,'17.99','PG','Trailers,Commentaries,Deleted Scenes','2006-02-15 05:03:42'),
(144,'CHINATOWN GLADIATOR','A Brilliant Panorama of a Technical Writer And a Lumberjack who must Escape a Butler in Ancient India',2006,1,NULL,7,'4.99',61,'24.99','PG','Trailers,Commentaries,Deleted Scenes','2006-02-15 05:03:42'),
(145,'CHISUM BEHAVIOR','A Epic Documentary of a Sumo Wrestler And a Butler who must Kill a Car in Ancient India',2006,1,NULL,5,'4.99',124,'25.99','G','Trailers,Commentaries,Behind the Scenes','2006-02-15 05:03:42'),
(146,'CHITTY LOCK','A Boring Epistle of a Boat And a Database Administrator who must Kill a Sumo Wrestler in The First Manned Space Station',2006,1,NULL,6,'2.99',107,'24.99','G','Commentaries','2006-02-15 05:03:42'),
(147,'CHOCOLAT HARRY','A Action-Packed Epistle of a Dentist And a Moose who must Meet a Mad Cow in Ancient Japan',2006,1,NULL,5,'0.99',101,'16.99','NC-17','Commentaries,Behind the Scenes','2006-02-15 05:03:42'),
(148,'CHOCOLATE DUCK','A Unbelieveable Story of a Mad Scientist And a Technical Writer who must Discover a Composer in Ancient China',2006,1,NULL,3,'2.99',132,'13.99','R','Trailers,Commentaries,Behind the Scenes','2006-02-15 05:03:42'),
(149,'CHRISTMAS MOONSHINE','A Action-Packed Epistle of a Feminist And a Astronaut who must Conquer a Boat in A Manhattan Penthouse',2006,1,NULL,7,'0.99',150,'21.99','NC-17','Trailers,Commentaries,Behind the Scenes','2006-02-15 05:03:42'),
(150,'CIDER DESIRE','A Stunning Character Study of a Composer And a Mad Cow who must Succumb a Cat in Soviet Georgia',2006,1,NULL,7,'2.99',101,'9.99','PG','Behind the Scenes','2006-02-15 05:03:42'),
(151,'CINCINATTI WHISPERER','A Brilliant Saga of a Pastry Chef And a Hunter who must Confront a Butler in Berlin',2006,1,NULL,5,'4.99',143,'26.99','NC-17','Deleted Scenes','2006-02-15 05:03:42'),
(152,'CIRCUS YOUTH','A Thoughtful Drama of a Pastry Chef And a Dentist who must Pursue a Girl in A Baloon',2006,1,NULL,5,'2.99',90,'13.99','PG-13','Trailers,Deleted Scenes,Behind the Scenes','2006-02-15 05:03:42'),
(153,'CITIZEN SHREK','A Fanciful Character Study of a Technical Writer And a Husband who must Redeem a Robot in The Outback',2006,1,NULL,7,'0.99',165,'18.99','G','Commentaries,Deleted Scenes','2006-02-15 05:03:42'),
(154,'CLASH FREDDY','A Amazing Yarn of a Composer And a Squirrel who must Escape a Astronaut in Australia',2006,1,NULL,6,'2.99',81,'12.99','G','Commentaries,Deleted Scenes','2006-02-15 05:03:42'),
(155,'CLEOPATRA DEVIL','A Fanciful Documentary of a Crocodile And a Technical Writer who must Fight a A Shark in A Baloon',2006,1,NULL,6,'0.99',150,'26.99','PG-13','Trailers,Deleted Scenes,Behind the Scenes','2006-02-15 05:03:42'),
(156,'CLERKS ANGELS','A Thrilling Display of a Sumo Wrestler And a Girl who must Confront a Man in A Baloon',2006,1,NULL,3,'4.99',164,'15.99','G','Commentaries','2006-02-15 05:03:42'),
(157,'CLOCKWORK PARADISE','A Insightful Documentary of a Technical Writer And a Feminist who must Challenge a Cat in A Baloon',2006,1,NULL,7,'0.99',143,'29.99','PG-13','Trailers,Commentaries,Deleted Scenes,Behind the Scenes','2006-02-15 05:03:42'),
(158,'CLONES PINOCCHIO','A Amazing Drama of a Car And a Robot who must Pursue a Dentist in New Orleans',2006,1,NULL,6,'2.99',124,'16.99','R','Behind the Scenes','2006-02-15 05:03:42'),
(159,'CLOSER BANG','A Unbelieveable Panorama of a Frisbee And a Hunter who must Vanquish a Monkey in Ancient India',2006,1,NULL,5,'4.99',58,'12.99','R','Trailers,Behind the Scenes','2006-02-15 05:03:42'),
(160,'CLUB GRAFFITI','A Epic Tale of a Pioneer And a Hunter who must Escape a Girl in A U-Boat',2006,1,NULL,4,'0.99',65,'12.99','PG-13','Trailers,Deleted Scenes','2006-02-15 05:03:42'),
(161,'CLUE GRAIL','A Taut Tale of a Butler And a Mad Scientist who must Build a Crocodile in Ancient China',2006,1,NULL,6,'4.99',70,'27.99','NC-17','Trailers,Commentaries,Behind the Scenes','2006-02-15 05:03:42'),
(162,'CLUELESS BUCKET','A Taut Tale of a Car And a Pioneer who must Conquer a Sumo Wrestler in An Abandoned Fun House',2006,1,NULL,4,'2.99',95,'13.99','R','Trailers,Deleted Scenes,Behind the Scenes','2006-02-15 05:03:42'),
(163,'CLYDE THEORY','A Beautiful Yarn of a Astronaut And a Frisbee who must Overcome a Explorer in A Jet Boat',2006,1,NULL,4,'0.99',139,'29.99','PG-13','Commentaries,Deleted Scenes,Behind the Scenes','2006-02-15 05:03:42'),
(164,'COAST RAINBOW','A Astounding Documentary of a Mad Cow And a Pioneer who must Challenge a Butler in The Sahara Desert',2006,1,NULL,4,'0.99',55,'20.99','PG','Trailers,Commentaries,Deleted Scenes,Behind the Scenes','2006-02-15 05:03:42'),
(165,'COLDBLOODED DARLING','A Brilliant Panorama of a Dentist And a Moose who must Find a Student in The Gulf of Mexico',2006,1,NULL,7,'4.99',70,'27.99','G','Trailers,Deleted Scenes','2006-02-15 05:03:42'),
(166,'COLOR PHILADELPHIA','A Thoughtful Panorama of a Car And a Crocodile who must Sink a Monkey in The Sahara Desert',2006,1,NULL,6,'2.99',149,'19.99','G','Commentaries,Behind the Scenes','2006-02-15 05:03:42'),
(167,'COMA HEAD','A Awe-Inspiring Drama of a Boy And a Frisbee who must Escape a Pastry Chef in California',2006,1,NULL,6,'4.99',109,'10.99','NC-17','Commentaries','2006-02-15 05:03:42'),
(168,'COMANCHEROS ENEMY','A Boring Saga of a Lumberjack And a Monkey who must Find a Monkey in The Gulf of Mexico',2006,1,NULL,5,'0.99',67,'23.99','R','Trailers,Behind the Scenes','2006-02-15 05:03:42'),
(169,'COMFORTS RUSH','A Unbelieveable Panorama of a Pioneer And a Husband who must Meet a Mad Cow in An Abandoned Mine Shaft',2006,1,NULL,3,'2.99',76,'19.99','NC-17','Commentaries,Behind the Scenes','2006-02-15 05:03:42'),
(170,'COMMAND DARLING','A Awe-Inspiring Tale of a Forensic Psychologist And a Woman who must Challenge a Database Administrator in Ancient Japan',2006,1,NULL,5,'4.99',120,'28.99','PG-13','Behind the Scenes','2006-02-15 05:03:42'),
(171,'COMMANDMENTS EXPRESS','A Fanciful Saga of a Student And a Mad Scientist who must Battle a Hunter in An Abandoned Mine Shaft',2006,1,NULL,6,'4.99',59,'13.99','R','Trailers,Commentaries,Deleted Scenes','2006-02-15 05:03:42'),
(172,'CONEHEADS SMOOCHY','A Touching Story of a Womanizer And a Composer who must Pursue a Husband in Nigeria',2006,1,NULL,7,'4.99',112,'12.99','NC-17','Deleted Scenes,Behind the Scenes','2006-02-15 05:03:42'),
(173,'CONFESSIONS MAGUIRE','A Insightful Story of a Car And a Boy who must Battle a Technical Writer in A Baloon',2006,1,NULL,7,'4.99',65,'25.99','PG-13','Behind the Scenes','2006-02-15 05:03:42'),
(174,'CONFIDENTIAL INTERVIEW','A Stunning Reflection of a Cat And a Woman who must Find a Astronaut in Ancient Japan',2006,1,NULL,6,'4.99',180,'13.99','NC-17','Commentaries','2006-02-15 05:03:42'),
(175,'CONFUSED CANDLES','A Stunning Epistle of a Cat And a Forensic Psychologist who must Confront a Pioneer in A Baloon',2006,1,NULL,3,'2.99',122,'27.99','PG-13','Trailers,Commentaries,Deleted Scenes,Behind the Scenes','2006-02-15 05:03:42'),
(176,'CONGENIALITY QUEST','A Touching Documentary of a Cat And a Pastry Chef who must Find a Lumberjack in A Baloon',2006,1,NULL,6,'0.99',87,'21.99','PG-13','Commentaries,Behind the Scenes','2006-02-15 05:03:42'),
(177,'CONNECTICUT TRAMP','A Unbelieveable Drama of a Crocodile And a Mad Cow who must Reach a Dentist in A Shark Tank',2006,1,NULL,4,'4.99',172,'20.99','R','Commentaries,Deleted Scenes','2006-02-15 05:03:42'),
(178,'CONNECTION MICROCOSMOS','A Fateful Documentary of a Crocodile And a Husband who must Face a Husband in The First Manned Space Station',2006,1,NULL,6,'0.99',115,'25.99','G','Deleted Scenes,Behind the Scenes','2006-02-15 05:03:42'),
(179,'CONQUERER NUTS','A Taut Drama of a Mad Scientist And a Man who must Escape a Pioneer in An Abandoned Mine Shaft',2006,1,NULL,4,'4.99',173,'14.99','G','Commentaries,Deleted Scenes,Behind the Scenes','2006-02-15 05:03:42'),
(180,'CONSPIRACY SPIRIT','A Awe-Inspiring Story of a Student And a Frisbee who must Conquer a Crocodile in An Abandoned Mine Shaft',2006,1,NULL,4,'2.99',184,'27.99','PG-13','Trailers,Commentaries','2006-02-15 05:03:42'),
(181,'CONTACT ANONYMOUS','A Insightful Display of a A Shark And a Monkey who must Face a Database Administrator in Ancient India',2006,1,NULL,7,'2.99',166,'10.99','PG-13','Commentaries','2006-02-15 05:03:42'),
(182,'CONTROL ANTHEM','A Fateful Documentary of a Robot And a Student who must Battle a Cat in A Monastery',2006,1,NULL,7,'4.99',185,'9.99','G','Commentaries','2006-02-15 05:03:42'),
(183,'CONVERSATION DOWNHILL','A Taut Character Study of a Husband And a Waitress who must Sink a Squirrel in A MySQL Convention',2006,1,NULL,4,'4.99',112,'14.99','R','Commentaries','2006-02-15 05:03:42'),
(184,'CORE SUIT','A Unbelieveable Tale of a Car And a Explorer who must Confront a Boat in A Manhattan Penthouse',2006,1,NULL,3,'2.99',92,'24.99','PG-13','Deleted Scenes','2006-02-15 05:03:42'),
(185,'COWBOY DOOM','A Astounding Drama of a Boy And a Lumberjack who must Fight a Butler in A Baloon',2006,1,NULL,3,'2.99',146,'10.99','PG','Commentaries,Deleted Scenes,Behind the Scenes','2006-02-15 05:03:42'),
(186,'CRAFT OUTFIELD','A Lacklusture Display of a Explorer And a Hunter who must Succumb a Database Administrator in A Baloon Factory',2006,1,NULL,6,'0.99',64,'17.99','NC-17','Deleted Scenes,Behind the Scenes','2006-02-15 05:03:42'),
(187,'CRANES RESERVOIR','A Fanciful Documentary of a Teacher And a Dog who must Outgun a Forensic Psychologist in A Baloon Factory',2006,1,NULL,5,'2.99',57,'12.99','NC-17','Commentaries','2006-02-15 05:03:42'),
(188,'CRAZY HOME','A Fanciful Panorama of a Boy And a Woman who must Vanquish a Database Administrator in The Outback',2006,1,NULL,7,'2.99',136,'24.99','PG','Commentaries,Deleted Scenes','2006-02-15 05:03:42'),
(189,'CREATURES SHAKESPEARE','A Emotional Drama of a Womanizer And a Squirrel who must Vanquish a Crocodile in Ancient India',2006,1,NULL,3,'0.99',139,'23.99','NC-17','Trailers,Deleted Scenes','2006-02-15 05:03:42'),
(190,'CREEPERS KANE','A Awe-Inspiring Reflection of a Squirrel And a Boat who must Outrace a Car in A Jet Boat',2006,1,NULL,5,'4.99',172,'23.99','NC-17','Trailers,Behind the Scenes','2006-02-15 05:03:42'),
(191,'CROOKED FROGMEN','A Unbelieveable Drama of a Hunter And a Database Administrator who must Battle a Crocodile in An Abandoned Amusement Park',2006,1,NULL,6,'0.99',143,'27.99','PG-13','Commentaries,Deleted Scenes,Behind the Scenes','2006-02-15 05:03:42'),
(192,'CROSSING DIVORCE','A Beautiful Documentary of a Dog And a Robot who must Redeem a Womanizer in Berlin',2006,1,NULL,4,'4.99',50,'19.99','R','Commentaries,Deleted Scenes,Behind the Scenes','2006-02-15 05:03:42'),
(193,'CROSSROADS CASUALTIES','A Intrepid Documentary of a Sumo Wrestler And a Astronaut who must Battle a Composer in The Outback',2006,1,NULL,5,'2.99',153,'20.99','G','Trailers,Commentaries,Behind the Scenes','2006-02-15 05:03:42'),
(194,'CROW GREASE','A Awe-Inspiring Documentary of a Woman And a Husband who must Sink a Database Administrator in The First Manned Space Station',2006,1,NULL,6,'0.99',104,'22.99','PG','Trailers,Commentaries,Behind the Scenes','2006-02-15 05:03:42'),
(195,'CROWDS TELEMARK','A Intrepid Documentary of a Astronaut And a Forensic Psychologist who must Find a Frisbee in An Abandoned Fun House',2006,1,NULL,3,'4.99',112,'16.99','R','Trailers,Behind the Scenes','2006-02-15 05:03:42'),
(196,'CRUELTY UNFORGIVEN','A Brilliant Tale of a Car And a Moose who must Battle a Dentist in Nigeria',2006,1,NULL,7,'0.99',69,'29.99','G','Deleted Scenes,Behind the Scenes','2006-02-15 05:03:42'),
(197,'CRUSADE HONEY','A Fast-Paced Reflection of a Explorer And a Butler who must Battle a Madman in An Abandoned Amusement Park',2006,1,NULL,4,'2.99',112,'27.99','R','Commentaries','2006-02-15 05:03:42'),
(198,'CRYSTAL BREAKING','A Fast-Paced Character Study of a Feminist And a Explorer who must Face a Pastry Chef in Ancient Japan',2006,1,NULL,6,'2.99',184,'22.99','NC-17','Trailers,Commentaries','2006-02-15 05:03:42'),
(199,'CUPBOARD SINNERS','A Emotional Reflection of a Frisbee And a Boat who must Reach a Pastry Chef in An Abandoned Amusement Park',2006,1,NULL,4,'2.99',56,'29.99','R','Behind the Scenes','2006-02-15 05:03:42'),
(200,'CURTAIN VIDEOTAPE','A Boring Reflection of a Dentist And a Mad Cow who must Chase a Secret Agent in A Shark Tank',2006,1,NULL,7,'0.99',133,'27.99','PG-13','Trailers,Commentaries,Deleted Scenes,Behind the Scenes','2006-02-15 05:03:42'),
(201,'CYCLONE FAMILY','A Lacklusture Drama of a Student And a Monkey who must Sink a Womanizer in A MySQL Convention',2006,1,NULL,7,'2.99',176,'18.99','PG','Trailers,Deleted Scenes','2006-02-15 05:03:42');


INSERT INTO actor (actor_id, first_name, last_name, last_update) VALUES
(1,'PENELOPE','GUINESS','2006-02-15 04:34:33'),
(2,'NICK','WAHLBERG','2006-02-15 04:34:33'),
(3,'ED','CHASE','2006-02-15 04:34:33'),
(4,'JENNIFER','DAVIS','2006-02-15 04:34:33'),
(5,'JOHNNY','LOLLOBRIGIDA','2006-02-15 04:34:33'),
(6,'BETTE','NICHOLSON','2006-02-15 04:34:33'),
(7,'GRACE','MOSTEL','2006-02-15 04:34:33'),
(8,'MATTHEW','JOHANSSON','2006-02-15 04:34:33'),
(9,'JOE','SWANK','2006-02-15 04:34:33'),
(10,'CHRISTIAN','GABLE','2006-02-15 04:34:33'),
(11,'ZERO','CAGE','2006-02-15 04:34:33'),
(12,'KARL','BERRY','2006-02-15 04:34:33'),
(13,'UMA','WOOD','2006-02-15 04:34:33'),
(14,'VIVIEN','BERGEN','2006-02-15 04:34:33'),
(15,'CUBA','OLIVIER','2006-02-15 04:34:33'),
(16,'FRED','COSTNER','2006-02-15 04:34:33'),
(17,'HELEN','VOIGHT','2006-02-15 04:34:33'),
(18,'DAN','TORN','2006-02-15 04:34:33'),
(19,'BOB','FAWCETT','2006-02-15 04:34:33'),
(20,'LUCILLE','TRACY','2006-02-15 04:34:33'),
(21,'KIRSTEN','PALTROW','2006-02-15 04:34:33'),
(22,'ELVIS','MARX','2006-02-15 04:34:33'),
(23,'SANDRA','KILMER','2006-02-15 04:34:33'),
(24,'CAMERON','STREEP','2006-02-15 04:34:33'),
(25,'KEVIN','BLOOM','2006-02-15 04:34:33'),
(26,'RIP','CRAWFORD','2006-02-15 04:34:33'),
(27,'JULIA','MCQUEEN','2006-02-15 04:34:33'),
(28,'WOODY','HOFFMAN','2006-02-15 04:34:33'),
(29,'ALEC','WAYNE','2006-02-15 04:34:33'),
(30,'SANDRA','PECK','2006-02-15 04:34:33'),
(31,'SISSY','SOBIESKI','2006-02-15 04:34:33'),
(32,'TIM','HACKMAN','2006-02-15 04:34:33'),
(33,'MILLA','PECK','2006-02-15 04:34:33'),
(34,'AUDREY','OLIVIER','2006-02-15 04:34:33'),
(35,'JUDY','DEAN','2006-02-15 04:34:33'),
(36,'BURT','DUKAKIS','2006-02-15 04:34:33'),
(37,'VAL','BOLGER','2006-02-15 04:34:33'),
(38,'TOM','MCKELLEN','2006-02-15 04:34:33'),
(39,'GOLDIE','BRODY','2006-02-15 04:34:33'),
(40,'JOHNNY','CAGE','2006-02-15 04:34:33'),
(41,'JODIE','DEGENERES','2006-02-15 04:34:33'),
(42,'TOM','MIRANDA','2006-02-15 04:34:33'),
(43,'KIRK','JOVOVICH','2006-02-15 04:34:33'),
(44,'NICK','STALLONE','2006-02-15 04:34:33'),
(45,'REESE','KILMER','2006-02-15 04:34:33'),
(46,'PARKER','GOLDBERG','2006-02-15 04:34:33'),
(47,'JULIA','BARRYMORE','2006-02-15 04:34:33'),
(48,'FRANCES','DAY-LEWIS','2006-02-15 04:34:33'),
(49,'ANNE','CRONYN','2006-02-15 04:34:33'),
(50,'NATALIE','HOPKINS','2006-02-15 04:34:33'),
(51,'GARY','PHOENIX','2006-02-15 04:34:33'),
(52,'CARMEN','HUNT','2006-02-15 04:34:33'),
(53,'MENA','TEMPLE','2006-02-15 04:34:33'),
(54,'PENELOPE','PINKETT','2006-02-15 04:34:33'),
(55,'FAY','KILMER','2006-02-15 04:34:33'),
(56,'DAN','HARRIS','2006-02-15 04:34:33'),
(57,'JUDE','CRUISE','2006-02-15 04:34:33'),
(58,'CHRISTIAN','AKROYD','2006-02-15 04:34:33'),
(59,'DUSTIN','TAUTOU','2006-02-15 04:34:33'),
(60,'HENRY','BERRY','2006-02-15 04:34:33'),
(61,'CHRISTIAN','NEESON','2006-02-15 04:34:33'),
(62,'JAYNE','NEESON','2006-02-15 04:34:33'),
(63,'CAMERON','WRAY','2006-02-15 04:34:33'),
(64,'RAY','JOHANSSON','2006-02-15 04:34:33'),
(65,'ANGELA','HUDSON','2006-02-15 04:34:33'),
(66,'MARY','TANDY','2006-02-15 04:34:33'),
(67,'JESSICA','BAILEY','2006-02-15 04:34:33'),
(68,'RIP','WINSLET','2006-02-15 04:34:33'),
(69,'KENNETH','PALTROW','2006-02-15 04:34:33'),
(70,'MICHELLE','MCCONAUGHEY','2006-02-15 04:34:33'),
(71,'ADAM','GRANT','2006-02-15 04:34:33'),
(72,'SEAN','WILLIAMS','2006-02-15 04:34:33'),
(73,'GARY','PENN','2006-02-15 04:34:33'),
(74,'MILLA','KEITEL','2006-02-15 04:34:33'),
(75,'BURT','POSEY','2006-02-15 04:34:33'),
(76,'ANGELINA','ASTAIRE','2006-02-15 04:34:33'),
(77,'CARY','MCCONAUGHEY','2006-02-15 04:34:33'),
(78,'GROUCHO','SINATRA','2006-02-15 04:34:33'),
(79,'MAE','HOFFMAN','2006-02-15 04:34:33'),
(80,'RALPH','CRUZ','2006-02-15 04:34:33'),
(81,'SCARLETT','DAMON','2006-02-15 04:34:33'),
(82,'WOODY','JOLIE','2006-02-15 04:34:33'),
(83,'BEN','WILLIS','2006-02-15 04:34:33'),
(84,'JAMES','PITT','2006-02-15 04:34:33'),
(85,'MINNIE','ZELLWEGER','2006-02-15 04:34:33'),
(86,'GREG','CHAPLIN','2006-02-15 04:34:33'),
(87,'SPENCER','PECK','2006-02-15 04:34:33'),
(88,'KENNETH','PESCI','2006-02-15 04:34:33'),
(89,'CHARLIZE','DENCH','2006-02-15 04:34:33'),
(90,'SEAN','GUINESS','2006-02-15 04:34:33'),
(91,'CHRISTOPHER','BERRY','2006-02-15 04:34:33'),
(92,'KIRSTEN','AKROYD','2006-02-15 04:34:33'),
(93,'ELLEN','PRESLEY','2006-02-15 04:34:33'),
(94,'KENNETH','TORN','2006-02-15 04:34:33'),
(95,'DARYL','WAHLBERG','2006-02-15 04:34:33'),
(96,'GENE','WILLIS','2006-02-15 04:34:33'),
(97,'MEG','HAWKE','2006-02-15 04:34:33'),
(98,'CHRIS','BRIDGES','2006-02-15 04:34:33'),
(99,'JIM','MOSTEL','2006-02-15 04:34:33'),
(100,'SPENCER','DEPP','2006-02-15 04:34:33'),
(101,'SUSAN','DAVIS','2006-02-15 04:34:33'),
(102,'WALTER','TORN','2006-02-15 04:34:33'),
(103,'MATTHEW','LEIGH','2006-02-15 04:34:33'),
(104,'PENELOPE','CRONYN','2006-02-15 04:34:33'),
(105,'SIDNEY','CROWE','2006-02-15 04:34:33'),
(106,'GROUCHO','DUNST','2006-02-15 04:34:33'),
(107,'GINA','DEGENERES','2006-02-15 04:34:33'),
(108,'WARREN','NOLTE','2006-02-15 04:34:33'),
(109,'SYLVESTER','DERN','2006-02-15 04:34:33'),
(110,'SUSAN','DAVIS','2006-02-15 04:34:33'),
(111,'CAMERON','ZELLWEGER','2006-02-15 04:34:33'),
(112,'RUSSELL','BACALL','2006-02-15 04:34:33'),
(113,'MORGAN','HOPKINS','2006-02-15 04:34:33'),
(114,'MORGAN','MCDORMAND','2006-02-15 04:34:33'),
(115,'HARRISON','BALE','2006-02-15 04:34:33'),
(116,'DAN','STREEP','2006-02-15 04:34:33'),
(117,'RENEE','TRACY','2006-02-15 04:34:33'),
(118,'CUBA','ALLEN','2006-02-15 04:34:33'),
(119,'WARREN','JACKMAN','2006-02-15 04:34:33'),
(120,'PENELOPE','MONROE','2006-02-15 04:34:33'),
(121,'LIZA','BERGMAN','2006-02-15 04:34:33'),
(122,'SALMA','NOLTE','2006-02-15 04:34:33'),
(123,'JULIANNE','DENCH','2006-02-15 04:34:33'),
(124,'SCARLETT','BENING','2006-02-15 04:34:33'),
(125,'ALBERT','NOLTE','2006-02-15 04:34:33'),
(126,'FRANCES','TOMEI','2006-02-15 04:34:33'),
(127,'KEVIN','GARLAND','2006-02-15 04:34:33'),
(128,'CATE','MCQUEEN','2006-02-15 04:34:33'),
(129,'DARYL','CRAWFORD','2006-02-15 04:34:33'),
(130,'GRETA','KEITEL','2006-02-15 04:34:33'),
(131,'JANE','JACKMAN','2006-02-15 04:34:33'),
(132,'ADAM','HOPPER','2006-02-15 04:34:33'),
(133,'RICHARD','PENN','2006-02-15 04:34:33'),
(134,'GENE','HOPKINS','2006-02-15 04:34:33'),
(135,'RITA','REYNOLDS','2006-02-15 04:34:33'),
(136,'ED','MANSFIELD','2006-02-15 04:34:33'),
(137,'MORGAN','WILLIAMS','2006-02-15 04:34:33'),
(138,'LUCILLE','DEE','2006-02-15 04:34:33'),
(139,'EWAN','GOODING','2006-02-15 04:34:33'),
(140,'WHOOPI','HURT','2006-02-15 04:34:33'),
(141,'CATE','HARRIS','2006-02-15 04:34:33'),
(142,'JADA','RYDER','2006-02-15 04:34:33'),
(143,'RIVER','DEAN','2006-02-15 04:34:33'),
(144,'ANGELA','WITHERSPOON','2006-02-15 04:34:33'),
(145,'KIM','ALLEN','2006-02-15 04:34:33'),
(146,'ALBERT','JOHANSSON','2006-02-15 04:34:33'),
(147,'FAY','WINSLET','2006-02-15 04:34:33'),
(148,'EMILY','DEE','2006-02-15 04:34:33'),
(149,'RUSSELL','TEMPLE','2006-02-15 04:34:33'),
(150,'JAYNE','NOLTE','2006-02-15 04:34:33'),
(151,'GEOFFREY','HESTON','2006-02-15 04:34:33'),
(152,'BEN','HARRIS','2006-02-15 04:34:33'),
(153,'MINNIE','KILMER','2006-02-15 04:34:33'),
(154,'MERYL','GIBSON','2006-02-15 04:34:33'),
(155,'IAN','TANDY','2006-02-15 04:34:33'),
(156,'FAY','WOOD','2006-02-15 04:34:33'),
(157,'GRETA','MALDEN','2006-02-15 04:34:33'),
(158,'VIVIEN','BASINGER','2006-02-15 04:34:33'),
(159,'LAURA','BRODY','2006-02-15 04:34:33'),
(160,'CHRIS','DEPP','2006-02-15 04:34:33'),
(161,'HARVEY','HOPE','2006-02-15 04:34:33'),
(162,'OPRAH','KILMER','2006-02-15 04:34:33'),
(163,'CHRISTOPHER','WEST','2006-02-15 04:34:33'),
(164,'HUMPHREY','WILLIS','2006-02-15 04:34:33'),
(165,'AL','GARLAND','2006-02-15 04:34:33'),
(166,'NICK','DEGENERES','2006-02-15 04:34:33'),
(167,'LAURENCE','BULLOCK','2006-02-15 04:34:33'),
(168,'WILL','WILSON','2006-02-15 04:34:33'),
(169,'KENNETH','HOFFMAN','2006-02-15 04:34:33'),
(170,'MENA','HOPPER','2006-02-15 04:34:33'),
(171,'OLYMPIA','PFEIFFER','2006-02-15 04:34:33'),
(172,'GROUCHO','WILLIAMS','2006-02-15 04:34:33'),
(173,'ALAN','DREYFUSS','2006-02-15 04:34:33'),
(174,'MICHAEL','BENING','2006-02-15 04:34:33'),
(175,'WILLIAM','HACKMAN','2006-02-15 04:34:33'),
(176,'JON','CHASE','2006-02-15 04:34:33'),
(177,'GENE','MCKELLEN','2006-02-15 04:34:33'),
(178,'LISA','MONROE','2006-02-15 04:34:33'),
(179,'ED','GUINESS','2006-02-15 04:34:33'),
(180,'JEFF','SILVERSTONE','2006-02-15 04:34:33'),
(181,'MATTHEW','CARREY','2006-02-15 04:34:33'),
(182,'DEBBIE','AKROYD','2006-02-15 04:34:33'),
(183,'RUSSELL','CLOSE','2006-02-15 04:34:33'),
(184,'HUMPHREY','GARLAND','2006-02-15 04:34:33'),
(185,'MICHAEL','BOLGER','2006-02-15 04:34:33'),
(186,'JULIA','ZELLWEGER','2006-02-15 04:34:33'),
(187,'RENEE','BALL','2006-02-15 04:34:33'),
(188,'ROCK','DUKAKIS','2006-02-15 04:34:33'),
(189,'CUBA','BIRCH','2006-02-15 04:34:33'),
(190,'AUDREY','BAILEY','2006-02-15 04:34:33'),
(191,'GREGORY','GOODING','2006-02-15 04:34:33'),
(192,'JOHN','SUVARI','2006-02-15 04:34:33'),
(193,'BURT','TEMPLE','2006-02-15 04:34:33'),
(194,'MERYL','ALLEN','2006-02-15 04:34:33'),
(195,'JAYNE','SILVERSTONE','2006-02-15 04:34:33'),
(196,'BELA','WALKEN','2006-02-15 04:34:33'),
(197,'REESE','WEST','2006-02-15 04:34:33'),
(198,'MARY','KEITEL','2006-02-15 04:34:33'),
(199,'JULIA','FAWCETT','2006-02-15 04:34:33'),
(200,'THORA','TEMPLE','2006-02-15 04:34:33');

INSERT INTO film_actor (actor_id, film_id, last_update) VALUES
(1,1,'2006-02-15 05:05:03'),
(1,23,'2006-02-15 05:05:03'),
(1,25,'2006-02-15 05:05:03'),
(1,106,'2006-02-15 05:05:03'),
(1,140,'2006-02-15 05:05:03'),
(1,166,'2006-02-15 05:05:03'),
(2,3,'2006-02-15 05:05:03'),
(2,31,'2006-02-15 05:05:03'),
(2,47,'2006-02-15 05:05:03'),
(2,105,'2006-02-15 05:05:03'),
(2,132,'2006-02-15 05:05:03'),
(2,145,'2006-02-15 05:05:03'),
(3,17,'2006-02-15 05:05:03'),
(3,40,'2006-02-15 05:05:03'),
(3,42,'2006-02-15 05:05:03'),
(3,87,'2006-02-15 05:05:03'),
(3,111,'2006-02-15 05:05:03'),
(3,185,'2006-02-15 05:05:03'),
(4,23,'2006-02-15 05:05:03'),
(4,25,'2006-02-15 05:05:03'),
(4,56,'2006-02-15 05:05:03'),
(4,62,'2006-02-15 05:05:03'),
(4,79,'2006-02-15 05:05:03'),
(4,87,'2006-02-15 05:05:03'),
(5,19,'2006-02-15 05:05:03'),
(5,54,'2006-02-15 05:05:03'),
(5,85,'2006-02-15 05:05:03'),
(5,146,'2006-02-15 05:05:03'),
(5,171,'2006-02-15 05:05:03'),
(5,172,'2006-02-15 05:05:03'),
(6,29,'2006-02-15 05:05:03'),
(6,53,'2006-02-15 05:05:03'),
(6,60,'2006-02-15 05:05:03'),
(6,70,'2006-02-15 05:05:03'),
(6,112,'2006-02-15 05:05:03'),
(6,164,'2006-02-15 05:05:03'),
(6,165,'2006-02-15 05:05:03'),
(6,193,'2006-02-15 05:05:03'),
(7,25,'2006-02-15 05:05:03'),
(7,27,'2006-02-15 05:05:03'),
(7,35,'2006-02-15 05:05:03'),
(7,67,'2006-02-15 05:05:03'),
(7,96,'2006-02-15 05:05:03'),
(7,170,'2006-02-15 05:05:03'),
(7,173,'2006-02-15 05:05:03'),
(8,47,'2006-02-15 05:05:03'),
(8,115,'2006-02-15 05:05:03'),
(8,158,'2006-02-15 05:05:03'),
(8,179,'2006-02-15 05:05:03'),
(8,195,'2006-02-15 05:05:03'),
(9,30,'2006-02-15 05:05:03'),
(9,74,'2006-02-15 05:05:03'),
(9,147,'2006-02-15 05:05:03'),
(9,148,'2006-02-15 05:05:03'),
(9,191,'2006-02-15 05:05:03'),
(9,200,'2006-02-15 05:05:03'),
(10,1,'2006-02-15 05:05:03'),
(10,9,'2006-02-15 05:05:03'),
(10,191,'2006-02-15 05:05:03'),
(11,118,'2006-02-15 05:05:03'),
(12,16,'2006-02-15 05:05:03'),
(12,17,'2006-02-15 05:05:03'),
(12,34,'2006-02-15 05:05:03'),
(12,37,'2006-02-15 05:05:03'),
(12,91,'2006-02-15 05:05:03'),
(12,92,'2006-02-15 05:05:03'),
(12,107,'2006-02-15 05:05:03'),
(12,155,'2006-02-15 05:05:03'),
(12,177,'2006-02-15 05:05:03'),
(13,17,'2006-02-15 05:05:03'),
(13,29,'2006-02-15 05:05:03'),
(13,45,'2006-02-15 05:05:03'),
(13,87,'2006-02-15 05:05:03'),
(13,110,'2006-02-15 05:05:03'),
(13,144,'2006-02-15 05:05:03'),
(13,154,'2006-02-15 05:05:03'),
(13,162,'2006-02-15 05:05:03'),
(14,154,'2006-02-15 05:05:03'),
(14,187,'2006-02-15 05:05:03'),
(15,31,'2006-02-15 05:05:03'),
(15,91,'2006-02-15 05:05:03'),
(15,108,'2006-02-15 05:05:03'),
(15,125,'2006-02-15 05:05:03'),
(16,80,'2006-02-15 05:05:03'),
(16,87,'2006-02-15 05:05:03'),
(16,101,'2006-02-15 05:05:03'),
(16,121,'2006-02-15 05:05:03'),
(16,155,'2006-02-15 05:05:03'),
(16,177,'2006-02-15 05:05:03'),
(17,96,'2006-02-15 05:05:03'),
(17,119,'2006-02-15 05:05:03'),
(17,124,'2006-02-15 05:05:03'),
(17,127,'2006-02-15 05:05:03'),
(17,154,'2006-02-15 05:05:03'),
(17,199,'2006-02-15 05:05:03'),
(17,201,'2006-02-15 05:05:03'),
(18,44,'2006-02-15 05:05:03'),
(18,84,'2006-02-15 05:05:03'),
(18,144,'2006-02-15 05:05:03'),
(18,172,'2006-02-15 05:05:03'),
(19,2,'2006-02-15 05:05:03'),
(19,3,'2006-02-15 05:05:03'),
(19,144,'2006-02-15 05:05:03'),
(19,152,'2006-02-15 05:05:03'),
(19,182,'2006-02-15 05:05:03'),
(20,1,'2006-02-15 05:05:03'),
(20,54,'2006-02-15 05:05:03'),
(20,63,'2006-02-15 05:05:03'),
(20,140,'2006-02-15 05:05:03'),
(20,146,'2006-02-15 05:05:03'),
(20,165,'2006-02-15 05:05:03'),
(21,6,'2006-02-15 05:05:03'),
(21,87,'2006-02-15 05:05:03'),
(21,88,'2006-02-15 05:05:03'),
(21,142,'2006-02-15 05:05:03'),
(21,159,'2006-02-15 05:05:03'),
(21,179,'2006-02-15 05:05:03');

INSERT INTO film_category (film_id, category_id, last_update) VALUES
(2,11,'2006-02-15 05:07:09'),
(3,6,'2006-02-15 05:07:09'),
(4,11,'2006-02-15 05:07:09'),
(5,8,'2006-02-15 05:07:09'),
(6,9,'2006-02-15 05:07:09'),
(7,5,'2006-02-15 05:07:09'),
(8,11,'2006-02-15 05:07:09'),
(9,11,'2006-02-15 05:07:09'),
(10,15,'2006-02-15 05:07:09'),
(11,9,'2006-02-15 05:07:09'),
(12,12,'2006-02-15 05:07:09'),
(13,11,'2006-02-15 05:07:09'),
(14,4,'2006-02-15 05:07:09'),
(15,9,'2006-02-15 05:07:09'),
(16,9,'2006-02-15 05:07:09'),
(17,12,'2006-02-15 05:07:09'),
(18,2,'2006-02-15 05:07:09'),
(19,1,'2006-02-15 05:07:09'),
(20,12,'2006-02-15 05:07:09'),
(21,1,'2006-02-15 05:07:09'),
(22,13,'2006-02-15 05:07:09'),
(23,2,'2006-02-15 05:07:09'),
(24,11,'2006-02-15 05:07:09'),
(25,13,'2006-02-15 05:07:09'),
(26,14,'2006-02-15 05:07:09'),
(27,15,'2006-02-15 05:07:09'),
(28,5,'2006-02-15 05:07:09'),
(29,1,'2006-02-15 05:07:09'),
(30,11,'2006-02-15 05:07:09'),
(31,8,'2006-02-15 05:07:09'),
(32,13,'2006-02-15 05:07:09'),
(33,7,'2006-02-15 05:07:09'),
(34,11,'2006-02-15 05:07:09'),
(35,11,'2006-02-15 05:07:09'),
(36,2,'2006-02-15 05:07:09'),
(37,4,'2006-02-15 05:07:09'),
(38,1,'2006-02-15 05:07:09'),
(39,14,'2006-02-15 05:07:09'),
(40,6,'2006-02-15 05:07:09'),
(41,16,'2006-02-15 05:07:09'),
(42,15,'2006-02-15 05:07:09'),
(43,8,'2006-02-15 05:07:09'),
(44,14,'2006-02-15 05:07:09'),
(45,13,'2006-02-15 05:07:09'),
(46,10,'2006-02-15 05:07:09'),
(47,9,'2006-02-15 05:07:09'),
(48,3,'2006-02-15 05:07:09'),
(49,14,'2006-02-15 05:07:09'),
(50,8,'2006-02-15 05:07:09'),
(51,12,'2006-02-15 05:07:09'),
(52,9,'2006-02-15 05:07:09'),
(53,8,'2006-02-15 05:07:09'),
(54,12,'2006-02-15 05:07:09'),
(55,14,'2006-02-15 05:07:09'),
(56,1,'2006-02-15 05:07:09'),
(57,16,'2006-02-15 05:07:09'),
(58,6,'2006-02-15 05:07:09'),
(59,3,'2006-02-15 05:07:09'),
(60,4,'2006-02-15 05:07:09'),
(61,7,'2006-02-15 05:07:09'),
(62,6,'2006-02-15 05:07:09'),
(63,8,'2006-02-15 05:07:09'),
(64,7,'2006-02-15 05:07:09'),
(65,11,'2006-02-15 05:07:09'),
(66,3,'2006-02-15 05:07:09'),
(67,1,'2006-02-15 05:07:09'),
(68,3,'2006-02-15 05:07:09'),
(69,14,'2006-02-15 05:07:09'),
(70,2,'2006-02-15 05:07:09'),
(71,8,'2006-02-15 05:07:09'),
(72,6,'2006-02-15 05:07:09'),
(73,14,'2006-02-15 05:07:09'),
(74,12,'2006-02-15 05:07:09'),
(75,16,'2006-02-15 05:07:09'),
(76,12,'2006-02-15 05:07:09'),
(77,13,'2006-02-15 05:07:09'),
(78,2,'2006-02-15 05:07:09'),
(79,7,'2006-02-15 05:07:09'),
(80,8,'2006-02-15 05:07:09');
